완료,제목,파일명,날짜,시작시간,방송길이,주제,part,상세내용,메모,URL,손님,영도,주식,이미지파일명,카테고리,고유 라이브 ID,금일 방송 횟수,타임라인CSV,소스CSV
True,당신도 주제를 제안할수있다! 치즈스케치!,20260517-2_게임,20260517,18:21:36,02:10:20,게임,2,게임: 갈틱쇼,,https://chzzk.naver.com/video/13257784,,,,,그림/아트,18946690,2,20260517-2-타임라인.csv,
True,"점심 배그, 저녁 치지직스케치",20260517-1_게임,20260517,12:44:35,04:26:50,게임,1,게임: 배틀그라운드,,https://chzzk.naver.com/video/13255086,,,O,,PUBG: 배틀그라운드,18941069,,20260517-1-타임라인.csv,20260517-1_게임-소스.csv
True,치지직에도 갈틱쇼가 있다?,20260516_게임,20260516,19:01:13,05:05:07,게임,,게임: 갈틱쇼,,https://chzzk.naver.com/video/13244633,,,,,그림/아트,18928739,,20260516-타임라인.csv,
True,만화가 세명 잡담타임 / 만화가 네명 잡담타임,20260513_레방_한라감귤_박지_단투,20260513,18:53:01,01:46:16,레방,,,,https://chzzk.naver.com/video/13191261,"한라감귤, 박지, 단투",,,,talk,18872990,,20260513-타임라인.csv,
False,2부 그림방송 ,20260509-2_그림,20260509,22:00:52,03:45:48,그림,2,,,https://chzzk.naver.com/video/13135605,,,,,그림/아트,18809418,2,,
False,1부 배그  2부 그림/1부 배그 (w. 단투),20260509-1_게임_단투,20260509,15:18:58,03:51:34,게임,1,게임: 배틀그라운드,,https://chzzk.naver.com/video/13127966,단투,,,,PUBG: 배틀그라운드,18800457,,20260509-1_게임_단투-타임라인.csv,
False,밤낮이 뒤바뀐 남자,20260508_게임,20260508,21:28:47,06:39:08,게임,,게임: 배틀그라운드,,https://chzzk.naver.com/video/13121395,,,,,PUBG: 배틀그라운드,18789669,,20260508_게임-타임라인.csv,
False,성장형 배린이,20260505_게임,20260505,19:48:55,05:29:13,게임,,게임: 배틀그라운드,,https://chzzk.naver.com/video/13071861,,,,,PUBG: 배틀그라운드,18733460,,20260505_게임-타임라인.csv,
False,2부 그림방송/뜬금 배그합방,20260503-4_그림_게임,20260503,21:11:36,04:27:18,"그림, 게임",4,게임: 배틀그라운드,,https://chzzk.naver.com/video/13038933,,,,,PUBG: 배틀그라운드,18700347,4,20260503-4_그림_게임-타임라인.csv,
False,밤낮되돌리기 성공! 1부 배그,20260503-3_게임,20260503,14:46:37,04:17:04,게임,3,게임: 배틀그라운드,,https://chzzk.naver.com/video/13031157,,,,,PUBG: 배틀그라운드,18692067,3,20260503-3_게임-타임라인.csv,
False,밤낮되돌리기 성공! 1부 배그,20260503-2_게임,20260503,12:50:55,01:50:12,게임,2,게임: 배틀그라운드,,https://chzzk.naver.com/video/13028104,,,,,PUBG: 배틀그라운드,18690153,3,20260503-2_게임-타임라인.csv,
False,밤낮되돌리기 성공! 1부 배그,20260503-1_게임,20260503,10:51:15,01:54:11,게임,1,게임: 배틀그라운드,,https://chzzk.naver.com/video/13027339,,,,,PUBG: 배틀그라운드,18688936,3,20260503-1_게임-타임라인.csv,
False,낙서와 영도의시간입니다.,20260502_그림,20260502,20:14:21,04:11:40,그림,,,,https://chzzk.naver.com/video/13020172,,O,,,그림/아트,18680109,,20260502_그림-타임라인.csv,
False,순정배린이,20260501_게임,20260501,20:57:06,08:06:04,게임,,게임: 배틀그라운드,,https://chzzk.naver.com/video/13008643,,,,,PUBG: 배틀그라운드,18662716,,20260501_게임-타임라인.csv,20260501_게임-소스.csv
False,순정배린이,20260426-2,20260426,23:50:35,04:29:15,,2,,,https://chzzk.naver.com/video/12927916,,,,,PUBG: 배틀그라운드,18577489,2,,
False,그림그리는 30세. 그리고 5살을 곁들인.,20260426-1,20260426,20:13:04,03:31:07,,1,,,https://chzzk.naver.com/video/12922777,,,,,그림/아트,18572837,2,,
False,2부 배린이구경하기,20260425-2,20260425,23:21:32,05:31:39,,2,,,https://chzzk.naver.com/video/12911669,,,,,PUBG: 배틀그라운드,18559353,2,,
False,그림그리는시간입니다.,20260425-1,20260425,19:16:45,03:58:31,,1,,,삭제됨,,,,,그림/아트,18553062,,,
False,합방까지 실력늘리기,20260424,20260424,20:17:41,03:39:38,,,,,https://chzzk.naver.com/video/12888852,,,,,PUBG: 배틀그라운드,18536258,,,
False,성장형 배린이,20260423,20260423,21:15:30,03:49:34,,,,,https://chzzk.naver.com/video/12875486,,,,,PUBG: 배틀그라운드,18520871,,,
False,치킨못먹는 불쌍한사람 구경하기,20260419-2,20260419,22:57:21,01:49:15,,2,,,https://chzzk.naver.com/video/12814757,,,,,PUBG: 배틀그라운드,18454869,2,,
False,그림방송의 시간입니다.,20260419-1_그림,20260419,19:50:07,03:01:35,그림,1,,,https://chzzk.naver.com/video/12811705,,,,,그림/아트,18449957,2,,
False,현실치킨만 먹어본사람,20260418-2_게임,20260418,23:02:15,02:31:59,게임,2,게임: 배틀그라운드,,https://chzzk.naver.com/video/12798371,,,,,PUBG: 배틀그라운드,18436744,2,,
False,그림그리는 사람인것이에요,20260418-1,20260418,18:58:57,04:00:29,,1,,,https://chzzk.naver.com/video/12794451,,,,,그림/아트,18430211,2,,
False,5년만에 배그정지 풀린사람,20260417-2,20260417,21:28:17,03:56:38,,2,,,https://chzzk.naver.com/video/12781004,,,,,PUBG: 배틀그라운드,18415901,2,,
True,치맥하기,20260417-1_술먹방,20260417,19:55:25,01:25:17,술먹방,1,술먹방: 교촌 치킨 허니레드반반콤보 | 술먹방: 맥주,,https://chzzk.naver.com/video/12775152,,O,,,먹방/쿡방,18412393,,,20260417-1_술먹방-소스.csv
False,흥 나 배그할거야 /그떄그떄 다른겜하기,20260412_게임,20260412,18:16:02,04:57:25,게임,,게임: 배틀그라운드 | 게임: 사이퍼즈 | 게임: 스타크래프트1,,https://chzzk.naver.com/video/12700615,,,,,PUBG: 배틀그라운드,18324500,,20260412_게임-타임라인.csv,
False,배그뉴비에요 ;ㅅ;,20260411-2_게임,20260411,21:21:06,04:29:12,게임,2,게임: 배틀그라운드,,https://chzzk.naver.com/video/12687331,,,,,PUBG: 배틀그라운드,18311148,2,,
False,이런망겜누가하는거야 (내가함),20260411-1_게임,20260411,15:36:42,04:45:34,게임,1,게임: 던전앤파이터 | 게임: 사이퍼즈,,https://chzzk.naver.com/video/12680523,,,,,던전앤파이터,18303587,2,,
False,심야작업방송,20260410_원고,20260410,20:53:07,05:11:24,원고,,원고: 신작26,,https://chzzk.naver.com/video/12670928,,O,,,그림/아트,18291475,,,
False,심야작업방송[오리지날 프롤로그제작],20260409,20260409,,04:19:30,,,,,https://chzzk.naver.com/video/12641536,,,,,,,,,
False,그림그리는 시간입니다.,20260405,20260405,,03:54:33,,,,,https://chzzk.naver.com/video/12590242,,,,,,,,,
False,그림 피드백시간입니다.,20260404_피드백,20260404,,03:44:59,피드백,,,,https://chzzk.naver.com/video/12572937,,,,,,,,,20260404_피드백-소스.csv
False,그림공부의 시간입니다.,20260404,20260404,,06:47:00,,,,,https://chzzk.naver.com/video/12561098,,,,,,,,,
False,던파드롭스받아가는방,20260404,20260404,,03:30:11,,,,,https://chzzk.naver.com/video/12566660,,,,,,,,,20260404-소스.csv
False,미용실다녀온 남자,20260329,20260329,,04:07:08,,,,,https://chzzk.naver.com/video/12476172,,,,,,,,,
False,8시 던닝크루이벤트 예정. 그동안 드롭스받아가실분,20260328,20260328,,03:29:56,,,,,https://chzzk.naver.com/video/12452951,,,,,,,,,
False,[팔도도시락과함께하는던닝크루]  엠버서더응원방,20260328,20260328,,03:22:13,,,,,https://chzzk.naver.com/video/12457018,,,,,,,,,
False,홍대에서 칵테일처먹기,20260327,20260327,,02:23:37,,,,,https://chzzk.naver.com/video/12430127,,,,,,,,,
False,2부 사이퍼즈 ,20260326,20260326,,03:16:27,,,,,https://chzzk.naver.com/video/12418942,,,,,,,,,
False,자다일어난남자,20260326,20260326,,01:08:44,,,,,https://chzzk.naver.com/video/12423913,,,,,,,,,
False,1부 그림연습 2부 8시 그림투표방송,20260325,20260325,,02:48:05,,,,,https://chzzk.naver.com/video/12403805,,,,,,,,,
False,당신도할수있다! 그림투표!,20260325,20260325,,03:41:00,,,,,https://chzzk.naver.com/video/12408365,,,,,,,,,
False,기습 그림연습,20260325,20260325,,04:53:16,,,,,https://chzzk.naver.com/video/12396989,,,,,,,,,
False,"인생은 무엇이며, 그림은 무엇인가.",20260321,20260321,,03:36:51,,,,,https://chzzk.naver.com/video/12344582,,,,,,,,,
False,잡다한 그림그리기,20260315,20260315,,00:34:34,,,,,https://chzzk.naver.com/video/12244158,,,,,,,,,
False,할로할로,20260315,20260315,,01:03:03,,,,,https://chzzk.naver.com/video/12243358,,,,,,,,,
False,아따 이게 낙원이라는 겜이여?,20260315,20260315,,03:04:14,,,,,https://chzzk.naver.com/video/12248046,,,,,,,,,
False,서울코믹월드 탐방,20260314,20260314,,00:15:43,,,,,https://chzzk.naver.com/video/12222364,,,,,,,,,
False,서울코믹월드 탐방,20260314,20260314,,00:23:23,,,,,https://chzzk.naver.com/video/12222621,,,,,,,,,
False,내일 서코가서 그림그리는남자,20260313,20260313,,02:35:09,,,,,https://chzzk.naver.com/video/12208424,,,,,,,,,
False,그림그리는 남자,20260308,20260308,,03:02:33,,,,,https://chzzk.naver.com/video/12132151,,,,,,,,,
False,이 이야기는 던파의 존망이걸린 일이다.,20260307-1,20260307,,00:04:40,,1,,,https://chzzk.naver.com/video/12109372,,,,,,,,,
False,롤 신입 스트리머,20260307,20260307,,04:33:59,,,,,https://chzzk.naver.com/video/12114237,,,,,,,,,
False,8시 광고) 스타레일 신규 캐릭 스파키 드로잉하기,20260306_레방_광고,20260306,19:29,04:01:04,"레방, 광고",,광고: 붕괴 스타레일,,https://chzzk.naver.com/video/12096129,,,,,,,,,
True,병걸리고 피폐한 남자,20260302_레방,20260302,19:50,00:17:55,레방,,,,https://chzzk.naver.com/video/12028921,,,,,,,,,
False,버튜버그리고놀까나?,20260301-2_그림,20260301,21:54,02:56:24,그림,2,버튜버 낙서 스텔라이브-아야츠노 유니 | 버튜버 낙서 스텔라이브-아라하시 타비 | 버튜버 낙서 허니즈-담유이 | 버튜버 낙서 허니즈-허니츄러스 | 신청/투표 봇치 더 락-야마다 료 | 신청/투표 우마무스메-라이스 샤워,,https://chzzk.naver.com/video/12017386,,,,"20260301-2_버튜버_스텔라이브_아야츠노 유니.png, 20260301-2_버튜버_스텔라이브_아라하시 타비.png, 20260301-2_버튜버_허니즈_담유이.png, 20260301-2_버튜버_허니즈_허니츄러스.png, 20260301-2_봇치 더 락_야마다 료.png, 20260301-2_우마무스메_라이스 샤워.png",,,,,
True,서코드로잉쇼떄 쓸 사인지제작하기,20260301-1_그림,20260301,20:10,01:36:39,그림,1,디자인 아주르 프로밀리아-아비,,https://chzzk.naver.com/video/12013148,,,,20260301-1_아주르 프로밀리아_아비.png,,,,,
False,8시 망내님과 그림교실,20260222,20260222,,00:14:49,,,,,https://chzzk.naver.com/video/11893923,,,,,,,,,
False,8시 망내님과 그림교실,20260222,20260222,,02:58:55,,,,,https://chzzk.naver.com/video/11897361,,,,,,,,,
False,흐음... 버튜버 그려볼까나...,20260221,20260221,,03:56:50,,,,,https://chzzk.naver.com/video/11880004,,,,,,,,,
False,당신도할수있다! 그림신청!,20260218,20260218,,03:33:11,,,,,https://chzzk.naver.com/video/11828493,,,,,,,,,
False,흐. 흥! 새해복많이받던가!,20260217,20260217,,03:31:00,,,,,https://chzzk.naver.com/video/11810849,,,,,,,,,
False,낙서 주구장창하기,20260215,20260215,,04:46:37,,,,,https://chzzk.naver.com/video/11770726,,,,,,,,,
False,일요일 그림방송 ,20260215,20260215,,03:38:16,,,,,https://chzzk.naver.com/video/11783480,,,,,,,,,
False,롤 신입 스트리머인사드립니다.,20260214,20260214,,02:10:49,,,,,https://chzzk.naver.com/video/11751836,,,,,,,,,
False,시청자그림 피드백하기 [다크아칸피드백임ㅎ],20260213,20260213,,02:51:44,,,,,https://chzzk.naver.com/video/11747259,,,,,,,,,
False,일요일 그림방송,20260208,20260208,,03:52:09,,,,,https://chzzk.naver.com/video/11665300,,,,,,,,,
False,롤 뉴비에요 ;ㅅ;,20260207,20260207,,02:16:34,,,,,https://chzzk.naver.com/video/11642759,,,,,,,,,
False,엠버서더랑 최종컨텐츠해보기,20260207,20260207,,00:48:50,,,,,https://chzzk.naver.com/video/11640999,,,,,,,,,
False,누구나 신청할수있는 그림방송,20260207,20260207,,03:36:01,,,,,https://chzzk.naver.com/video/11647338,,,,,,,,,
False,새 집 적응기 1일차 [낙서],20260206,20260206,,04:18:20,,,,,https://chzzk.naver.com/video/11630187,,,,,,,,,
False,새집에서 방송테스트 [짧방],20260205,20260205,,01:01:20,,,,,https://chzzk.naver.com/video/11613129,,,,,,,,,
False,간담회갔다온 레바씨 [10시엠바고],20260125,20260125,,00:56:45,,,,,https://chzzk.naver.com/video/11427386,,,,,,,,,
False,족망게임 레이드 같이하실분,20260124,20260124,,03:18:00,,,,,https://chzzk.naver.com/video/11408098,,,,,,,,,
False,토요일 그림방송,20260124,20260124,,02:59:13,,,,,https://chzzk.naver.com/video/11413893,,,,,,,,,
False,던파 레이드도실분 ,20260117,20260117,,01:55:04,,,,,https://chzzk.naver.com/video/11291051,,,,,,,,,
False,던파 레이드도실분 ,20260117,20260117,,02:40:55,,,,,https://chzzk.naver.com/video/11289449,,,,,,,,,
False,[광고] 8시 원신 신캐 콜롬비나 픽업 후 라이브드로잉 ,20260116,20260116,,02:17:04,,,,,https://chzzk.naver.com/video/11276050,,,,,,,,,
False,대방어랑 한잔하기,20260115,20260115,,01:26:43,,,,,https://chzzk.naver.com/video/11258068,,,,,,,,,
False,미용실갔다온 이승권씨,20260113,20260113,,04:31:25,,,,,https://chzzk.naver.com/video/11224640,,,,,,,,,
False,토요일 그림방송,20260111,20260111,,03:13:30,,,,,https://chzzk.naver.com/video/11178237,,,,,,,,,
False,안녕하세요. 이승권입니다.,20260111,20260111,,04:27:36,,,,,https://chzzk.naver.com/video/11194966,,,,,,,,,
False,레이드 와바박 돌리실분,20260110,20260110,,05:05:36,,,,,https://chzzk.naver.com/video/11172168,,,,,,,,,
False,금요일 그림방송,20260110,20260110,,06:02:54,,,,,https://chzzk.naver.com/video/11163634,,,,,,,,,
False,안녕하세요.,20260108,20260108,,03:47:40,,,,,https://chzzk.naver.com/video/11140235,,,,,,,,,
False,취중눕방,20260104,20260104,,00:00:38,,,,,https://chzzk.naver.com/video/11073461,,,,,,,,,
False,레바반상 [낙곱새와 소맥],20260104,20260104,,01:27:19,,,,,https://chzzk.naver.com/video/11073394,,,,,,,,,
False,취중눕방,20260104,20260104,,01:53:55,,,,,https://chzzk.naver.com/video/11075446,,,,,,,,,
False,디레지에 이내 나벨가실분 ,20260103,20260103,,04:06:57,,,,,https://chzzk.naver.com/video/11054240,,,,,,,,,
False,원하는 그림을 그려드립니다,20260103,20260103,,04:16:44,,,,,https://chzzk.naver.com/video/11059780,,,,,,,,,
False,뭘 그려야 잘그렸다 소문이날까,20260102,20260102,,03:37:30,,,,,https://chzzk.naver.com/video/11042514,,,,,,,,,
False,26년 죽음의 운빨 테스트하기,20260101,20260101,,01:47:57,,,,,https://chzzk.naver.com/video/11020713,,,,,,,,,
False,오늘이 2025년 마지막이라고?,20251231,20251231,,02:56:54,,,,,https://chzzk.naver.com/video/11003281,,,,,,,,,
False,[6시 블레어로즈님합방] 귀족영애와 악역영애끼리 그림그리기,20251228,20251228,,03:19:24,,,,,https://chzzk.naver.com/video/10955177,,,,,,,,,
False,저는 시키는대로 그림그리는노예에요.,20251227,20251227,,03:54:36,,,,,https://chzzk.naver.com/video/10940885,,,,,,,,,
False,안개융화 노동하기,20251227,20251227,,02:26:08,,,,,https://chzzk.naver.com/video/10935542,,,,,,,,,
False,크리스마스에 여자끼고 놀기,20251226,20251226,,06:42:00,,,,,https://chzzk.naver.com/video/10911540,,,,,,,,,
False,크리스마스 취한채로 보내기,20251225,20251225,,02:42:04,,,,,https://chzzk.naver.com/video/10888818,,,,,,,,,
False,시청자참여 캐치마인드,20251224,20251224,,01:58:12,,,,,https://chzzk.naver.com/video/10885037,,,,,,,,,
False,크리스마스이브 대기방,20251224,20251224,,01:40:01,,,,,https://chzzk.naver.com/video/10873547,,,,,,,,,
False,[광고] 8시 듀엣나이트어비스 핥아보기 + 이후 드로잉,20251223,20251223,,03:13:41,,,,,https://chzzk.naver.com/video/10870484,,,,,,,,,
False,"이내,나벨,디레지에가실분",20251221,20251221,,03:30:38,,,,,https://chzzk.naver.com/video/10833686,,,,,,,,,
False,스텔라이브 콘서트 갔다온 짧방,20251221,20251221,,00:37:12,,,,,https://chzzk.naver.com/video/10826943,,,,,,,,,
False,스텔콘서트 초대에 상응하기,20251221,20251221,,03:49:03,,,,,https://chzzk.naver.com/video/10838731,,,,,,,,,
False,스텔라이브 콘서트 가기전 짧방,20251220,20251220,,00:55:30,,,,,https://chzzk.naver.com/video/10816305,,,,,,,,,
False,낙서하는남자 구경하기,20251217,20251217,,02:11:19,,,,,https://chzzk.naver.com/video/10772566,,,,,,,,,
False,토요일그림방송,20251214,20251214,,03:44:34,,,,,https://chzzk.naver.com/video/10711589,,,,,,,,,
False,일요일그림방송,20251214,20251214,,03:54:34,,,,,https://chzzk.naver.com/video/10727655,,,,,,,,,
False,안개융화 같이 올리실분 ,20251213,20251213,,03:09:03,,,,,https://chzzk.naver.com/video/10704346,,,,,,,,,
False,뭘그려야 잘 그렸다고 소문이날까,20251212,20251212,,04:24:29,,,,,https://chzzk.naver.com/video/10693035,,,,,,,,,
False,낙서하는남자 구경하기,20251211,20251211,,04:08:26,,,,,https://chzzk.naver.com/video/10675078,,,,,,,,,
False,세상에 대낮부터 레이드도는사람이 어디있어,20251211,20251211,,01:58:28,,,,,https://chzzk.naver.com/video/10669712,,,,,,,,,
False,그림연습하는남자 구경하기,20251210,20251210,,06:09:19,,,,,https://chzzk.naver.com/video/10658727,,,,,,,,,
False,심야자유그림,20251208,20251208,,01:39:44,,,,,https://chzzk.naver.com/video/10617690,,,,,,,,,
False,내 족대로 피드백 [그림피드백방송],20251207,20251207,,04:30:16,,,,,https://chzzk.naver.com/video/10614542,,,,,,,,,
False,오랜만입니다.,20251206,20251206,,04:25:03,,,,,https://chzzk.naver.com/video/10599559,,,,,,,,,
False,엠버서더랑 디레지에가실 분 (이미 클함),20251204,20251204,,02:02:39,,,,,https://chzzk.naver.com/video/10560326,,,,,,,,,
False,만화책 6천부 완판한 남자 + 선물깡,20251130,20251130,,01:06:53,,,,,https://chzzk.naver.com/video/10500911,,,,,,,,,
False,낙서하는사람 구경하기,20251127,20251127,,04:27:13,,,,,https://chzzk.naver.com/video/10453960,,,,,,,,,
False,아무것도안하기,20251125,20251125,,01:40:21,,,,,https://chzzk.naver.com/video/10417283,,,,,,,,,
False,던페대기실,20251122,20251122,,00:06:08,,,,,https://chzzk.naver.com/video/10367250,,,,,,,,,
False,던페대기실,20251122,20251122,,00:27:09,,,,,https://chzzk.naver.com/video/10367509,,,,,,,,,
False,이것저것 해보기,20251116,20251116,,03:39:11,,,,,https://chzzk.naver.com/video/10274988,,,,,,,,,
False,할로할로,20251115,20251115,,05:44:08,,,,,https://chzzk.naver.com/video/10242643,,,,,,,,,
False,해명방송,20251109,20251109,,00:39:42,,,,,https://chzzk.naver.com/video/10162902,,,,,,,,,
False,뭐? 비키니까지는 그려도 된다고? ,20251108,20251108,,03:51:31,,,,,https://chzzk.naver.com/video/10144149,,,,,,,,,
False,심심눕방,20251107,20251107,,01:41:54,,,,,https://chzzk.naver.com/video/10126307,,,,,,,,,
False,버튜버만 그리기,20251102,20251102,,03:59:12,,,,,https://chzzk.naver.com/video/10049299,,,,,,,,,
False,결투장의 악마 상륙,20251102,20251102,,03:21:15,,,,,https://chzzk.naver.com/video/10032621,,,,,,,,,
False,저스트 토크의 시간이다.,20251101,20251101,,01:40:10,,,,,https://chzzk.naver.com/video/10028252,,,,,,,,,
False,일하는 남자 구경하기,20251026,20251026,,03:34:57,,,,,https://chzzk.naver.com/video/9933430,,,,,,,,,
False,원하는 바를 말하라. ,20251026,20251026,,05:15:26,,,,,https://chzzk.naver.com/video/9918803,,,,,,,,,
False,나스닥하실분 님만 오면 ㄱ,20251025,20251025,,01:07:28,,,,,https://chzzk.naver.com/video/9901346,,,,,,,,,
False,[광고-스텔라소라] 제기랄 또 스텔라야,20251024,20251024,,01:42:33,,,,,https://chzzk.naver.com/video/9896399,,,,,,,,,
False,[광고-스텔라소라] 픽업캐릭 드로잉!,20251024,20251024,,01:26:05,,,,,https://chzzk.naver.com/video/9898131,,,,,,,,,
False,원하는걸 그려드립니다,20251019,20251019,,04:37:25,,,,,https://chzzk.naver.com/video/9804001,,,,,,,,,
False,일요일그림방송,20251019,20251019,,04:27:06,,,,,https://chzzk.naver.com/video/9821777,,,,,,,,,
False,[잡담과 노가리] 블루아카회지 그리기,20251018,20251018,,06:57:01,,,,,https://chzzk.naver.com/video/9790341,,,,,,,,,
False,자유그림방송,20251013,20251013,,02:10:42,,,,,https://chzzk.naver.com/video/9709798,,,,,,,,,
False,근로노동만이 고귀한 소득이다 [온리전작업하기],20251012,20251012,,04:36:33,,,,,https://chzzk.naver.com/video/9691552,,,,,,,,,
False,[좋대로피드백] 그린 그림 봐드립니다.,20251012,20251012,,02:44:28,,,,,https://chzzk.naver.com/video/9705696,,,,,,,,,
False,주식3주차 후기,20251011,20251011,,01:34:23,,,,,https://chzzk.naver.com/video/9685943,,,,,,,,,
False,애들은가라. 명절기념 틀니그림의시간이다,20251006,20251006,,04:10:49,,,,,https://chzzk.naver.com/video/9597662,,,,,,,,,
False,그림그리는남자,20251005,20251005,,03:54:22,,,,,https://chzzk.naver.com/video/9582261,,,,,,,,,
False,나벨 황혼전 가실분,20251004,20251004,,02:53:05,,,,,https://chzzk.naver.com/video/9576722,,,,,,,,,
False,블루아카 회지작업과 노가리,20251004,20251004,,04:41:18,,,,,https://chzzk.naver.com/video/9570892,,,,,,,,,
False,심야원고와 노가리,20251003,20251003,,02:52:06,,,,,https://chzzk.naver.com/video/9552650,,,,,,,,,
False,악귀들린 JK 엔딩보기,20251002,20251002,,03:41:24,,,,,https://chzzk.naver.com/video/9547014,,,,,,,,,
False,블루아카 회지작업착수. 원고와 온갖 잡담하기,20251002,20251002,,06:09:04,,,,,https://chzzk.naver.com/video/9533217,,,,,,,,,
False,귀멸의 여고생,20250929,20250929,,03:14:18,,,,,https://chzzk.naver.com/video/9491865,,,,,,,,,
False,그림그리는 남자,20250928,20250928,,00:03:43,,,,,https://chzzk.naver.com/video/9483455,,,,,,,,,
False,그림그리는 방송,20250928,20250928,,04:14:02,,,,,https://chzzk.naver.com/video/9471289,,,,,,,,,
False,그림그리는 남자,20250928,20250928,,03:27:21,,,,,https://chzzk.naver.com/video/9487396,,,,,,,,,
False,특수부대출신 JK가 대충 괴물잡는다는 게임,20250927,20250927,,06:34:26,,,,,https://chzzk.naver.com/video/9455642,,,,,,,,,
False,일요일 그림방송,20250922,20250922,,03:48:53,,,,,https://chzzk.naver.com/video/9377834,,,,,,,,,
False,"이런 게임 대체 누가하는거냐! [황혼전,나벨가실분]",20250920,20250920,,02:32:12,,,,,https://chzzk.naver.com/video/9352443,,,,,,,,,
False,그림그리면서 주식이야기하는 오타쿠 [주식3일차],20250920,20250920,,04:04:04,,,,,https://chzzk.naver.com/video/9358515,,,,,,,,,
False,겜한분 명조쌤 모집중,20250920,20250920,,02:10:57,,,,,https://chzzk.naver.com/video/9344345,,,,,,,,,
False,"[광고] 겜한분 명조쌤 모집중+신캐뽑기, 드로잉",20250919,20250919,,02:52:36,,,,,https://chzzk.naver.com/video/9340841,,,,,,,,,
False,심심짧방,20250918,20250918,,01:20:42,,,,,https://chzzk.naver.com/video/9326647,,,,,,,,,
False,단투루즌아 작가부부 인터뷰,20250914,20250914,,00:06:48,,,,,https://chzzk.naver.com/video/9259808,,,,,,,,,
False,단투루즌아 작가부부 인터뷰,20250914,20250914,,00:17:33,,,,,https://chzzk.naver.com/video/9260053,,,,,,,,,
False,단투루즌아 작가부부 인터뷰,20250914,20250914,,01:07:47,,,,,https://chzzk.naver.com/video/9261006,,,,,,,,,
False,이내황혼전 나벨 가실분,20250913,20250913,,01:54:49,,,,,https://chzzk.naver.com/video/9239309,,,,,,,,,
False,토요일 그림방송,20250913,20250913,,00:22:59,,,,,https://chzzk.naver.com/video/9242832,,,,,,,,,
False,토요일 그림방송,20250913,20250913,,03:43:47,,,,,https://chzzk.naver.com/video/9246708,,,,,,,,,
False,나 혼자만 레벨업 (엘든링 1렙부터),20250913,20250913,,03:42:29,,,,,https://chzzk.naver.com/video/9242143,,,,,,,,,
False,심심해서 킨 남캠방,20250911,20250911,,01:37:17,,,,,https://chzzk.naver.com/video/9212853,,,,,,,,,
False,3년만에 캠바꾼 남자- 짧방,20250906,20250906,,00:36:18,,,,,https://chzzk.naver.com/video/9128605,,,,,,,,,
False,"이내황혼전, 나벨 가실분 ",20250906,20250906,,02:01:19,,,,,https://chzzk.naver.com/video/9130696,,,,,,,,,
False,카잔마저하고 블아만화표지그리기,20250831,20250831,,04:26:07,,,,,https://chzzk.naver.com/video/9030303,,,,,,,,,
False,블루아카 온리전 준비 첫번째 레슨 표지그리기,20250831,20250831,,06:10:30,,,,,https://chzzk.naver.com/video/9036377,,,,,,,,,
False,그르르르륵... 더..언파아아....,20250830,20250830,,02:35:49,,,,,https://chzzk.naver.com/video/9012823,,,,,,,,,
False,던파한다음 카잔하는 사람이있다고? 뿌슝빠슝,20250830,20250830,,08:12:00,,,,,https://chzzk.naver.com/video/9020432,,,,,,,,,
False,그릴 그림신청받기,20250825,20250825,,03:28:05,,,,,https://chzzk.naver.com/video/8925810,,,,,,,,,
False,그림재활훈련,20250824,20250824,,03:11:19,,,,,https://chzzk.naver.com/video/8906975,,,,,,,,,
False,던파 한라산 소주 리뷰,20250824,20250824,,02:02:14,,,,,https://chzzk.naver.com/video/8920680,,,,,,,,,
False,블아온리전 뭐그릴지 고민하는방송,20250823,20250823,,05:58:05,,,,,https://chzzk.naver.com/video/8892157,,,,,,,,,
False,이시간에 던파하는 사람이 어딨어,20250821,20250821,,02:17:24,,,,,https://chzzk.naver.com/video/8864223,,,,,,,,,
False,낙서와 노가리 2부,20250803,20250803,,01:30:54,,,,,https://chzzk.naver.com/video/8573413,,,,,,,,,
False,낙서와 노가리,20250803,20250803,,04:49:30,,,,,https://chzzk.naver.com/video/8570719,,,,,,,,,
False,눕방이즈굿,20250802,20250802,,03:04:47,,,,,https://chzzk.naver.com/video/8539695,,,,,,,,,
False,건강검진갓다온남자,20250730,20250730,,00:16:21,,,,,https://chzzk.naver.com/video/8502463,,,,,,,,,
False,일요일 그림뱅,20250728,20250728,,02:39:52,,,,,https://chzzk.naver.com/video/8458785,,,,,,,,,
False,일요일 그림뱅,20250727,20250727,,01:50:30,,,,,https://chzzk.naver.com/video/8454408,,,,,,,,,
False,아아! 그림이란 무엇인가! 인생이란 무엇인가!,20250727,20250727,,04:14:41,,,,,https://chzzk.naver.com/video/8441291,,,,,,,,,
False,새벽그림방송,20250727,20250727,,02:36:06,,,,,https://chzzk.naver.com/video/8445240,,,,,,,,,
False,젠레스 에로한친구들보기,20250724,20250724,,01:26:17,,,,,https://chzzk.naver.com/video/8391332,,,,,,,,,
False,"[광고] 부키님,리코님과 젠레스 그림그리기",20250723,20250723,,03:26:38,,,,,https://chzzk.naver.com/video/8388703,,,,,,,,,
False,낙서와 노가리,20250720,20250720,,01:35:19,,,,,https://chzzk.naver.com/video/8339779,,,,,,,,,
False,토요일 그림방송,20250719,20250719,,03:51:01,,,,,https://chzzk.naver.com/video/8323580,,,,,,,,,
False,2부 저챗,20250719,20250719,,02:07:39,,,,,https://chzzk.naver.com/video/8306534,,,,,,,,,
False,광고]  PC 마비노기. 대체 뭐가 업데이트됐길래?,20250718,20250718,,02:42:04,,,,,https://chzzk.naver.com/video/8303125,,,,,,,,,
False,그저 그림을 그릴 뿐,20250713,20250713,,04:56:06,,,,,https://chzzk.naver.com/video/8220389,,,,,,,,,
False,할로할로,20250712,20250712,,03:45:12,,,,,https://chzzk.naver.com/video/8204344,,,,,,,,,
False,승냥이,20250712,20250712,,00:57:29,,,,,https://chzzk.naver.com/video/8205547,,,,,,,,,
False,생존신고,20250709,20250709,,00:23:07,,,,,https://chzzk.naver.com/video/8153936,,,,,,,,,
False,생존신고,20250709,20250709,,00:13:15,,,,,https://chzzk.naver.com/video/8153310,,,,,,,,,
False,생존신고,20250709,20250709,,00:11:47,,,,,https://chzzk.naver.com/video/8153493,,,,,,,,,
False,생존신고,20250709,20250709,,00:05:08,,,,,https://chzzk.naver.com/video/8153574,,,,,,,,,
False,생존신고,20250709,20250709,,00:08:18,,,,,https://chzzk.naver.com/video/8154076,,,,,,,,,
False,생존신고,20250706,20250706,,00:36:07,,,,,https://chzzk.naver.com/video/8107744,,,,,,,,,
False,광고] 연각39렙 뉴비 플레이 후 그림그리기,20250704,20250704,,04:28:43,,,,,https://chzzk.naver.com/video/8059607,,,,,,,,,
False,"빠른신청,스피드페인팅",20250630,20250630,,04:47:30,,,,,https://chzzk.naver.com/video/7995974,,,,,,,,,
False,대낮그림방송,20250628,20250628,,05:15:10,,,,,https://chzzk.naver.com/video/7973241,,,,,,,,,
False,끼요오오오,20250628,20250628,,02:00:55,,,,,https://chzzk.naver.com/video/7969685,,,,,,,,,
False,[광고] 8시 브라운더스트2. 대체 무슨게임일까.,20250622,20250622,,02:21:02,,,,,https://chzzk.naver.com/video/7881603,,,,,,,,,
False,DLC를 위한 피구라 재활,20250622,20250622,,05:38:40,,,,,https://chzzk.naver.com/video/7866149,,,,,,,,,
False,던파를 와다다,20250621,20250621,,01:20:13,,,,,https://chzzk.naver.com/video/7859529,,,,,,,,,
False,민주주의 그림방송,20250616,20250616,,03:53:32,,,,,https://chzzk.naver.com/video/7771198,,,,,,,,,
False,던파만화원고하기,20250614,20250614,,05:48:17,,,,,https://chzzk.naver.com/video/7737264,,,,,,,,,
False,원하는걸 빠르게 그려드립니다.,20250614,20250614,,03:07:26,,,,,https://chzzk.naver.com/video/7752407,,,,,,,,,
False,나벨뛰고 그림그리기,20250614,20250614,,01:29:54,,,,,https://chzzk.naver.com/video/7748460,,,,,,,,,
False,던파만화완결까지 2화,20250608,20250608,,06:12:42,,,,,https://chzzk.naver.com/video/7641748,,,,,,,,,
False,스피드 드로잉하기,20250608,20250608,,04:14:57,,,,,https://chzzk.naver.com/video/7658017,,,,,,,,,
False,이 게임 왜 자꾸 장사가 잘되는건데!!,20250607,20250607,,01:48:27,,,,,https://chzzk.naver.com/video/7634393,,,,,,,,,
False,일요일그림방송,20250601,20250601,,02:56:02,,,,,https://chzzk.naver.com/video/7542880,,,,,,,,,
False,"노가리와 원고, 그리고 영도",20250531,20250531,,02:37:58,,,,,https://chzzk.naver.com/video/7521472,,,,,,,,,
False,토요일그림그리기,20250531,20250531,,02:09:49,,,,,https://chzzk.naver.com/video/7525596,,,,,,,,,
False,나벨부터 얼른하기,20250531,20250531,,02:01:44,,,,,https://chzzk.naver.com/video/7519199,,,,,,,,,
False,일요일그림방송,20250525,20250525,,02:57:48,,,,,https://chzzk.naver.com/video/7432683,,,,,,,,,
False,나벨잡고 그림방송하기,20250524,20250524,,00:56:39,,,,,https://chzzk.naver.com/video/7412017,,,,,,,,,
False,짧게 원고하기,20250523,20250523,,02:36:14,,,,,https://chzzk.naver.com/video/7397439,,,,,,,,,
False,스핏파이어. 이새1낀 대체 뭐지?,20250521,20250521,,01:16:46,,,,,https://chzzk.naver.com/video/7363721,,,,,,,,,
False,원고 조금만 하다 자기,20250521,20250521,,02:20:00,,,,,https://chzzk.naver.com/video/7366585,,,,,,,,,
False,월요일그림방송,20250519,20250519,,03:40:44,,,,,https://chzzk.naver.com/video/7338442,,,,,,,,,
False,일요일그림방송,20250519,20250519,,04:09:50,,,,,https://chzzk.naver.com/video/7324627,,,,,,,,,
False,던파로온하는날,20250517,20250517,,04:13:43,,,,,https://chzzk.naver.com/video/7301195,,,,,,,,,
False,엠버서더랑 던파로온보기,20250517,20250517,,01:30:09,,,,,https://chzzk.naver.com/video/7302465,,,,,,,,,
False,레바의 불고기로드,20250512,20250512,,03:20:42,,,,,https://chzzk.naver.com/video/7214408,,,,,,,,,
False,심야근로,20250511,20250511,,04:44:03,,,,,https://chzzk.naver.com/video/7202777,,,,,,,,,
False,백만년만에 그림방송하기,20250511,20250511,,03:16:48,,,,,https://chzzk.naver.com/video/7197007,,,,,,,,,
False,나벨뛰고 그림방송하기,20250510,20250510,,01:17:09,,,,,https://chzzk.naver.com/video/7192732,,,,,,,,,
False,네오플의 노예 [든파공식만화그리기],20250507,20250507,,09:38:45,,,,,https://chzzk.naver.com/video/7137891,,,,,,,,,
False,나벨가실분,20250503,20250503,,02:43:29,,,,,https://chzzk.naver.com/video/7082388,,,,,,,,,
False,한강산책,20250427,20250427,,01:35:17,,,,,https://chzzk.naver.com/video/6993771,,,,,,,,,
False,노인이랑 나벨레이드가실분,20250426,20250426,,01:10:52,,,,,https://chzzk.naver.com/video/6970822,,,,,,,,,
False,사람들하고 던파얘기하기,20250426,20250426,,02:19:20,,,,,https://chzzk.naver.com/video/6976208,,,,,,,,,
False,날좋은 토요일 그림그리는 남자,20250426,20250426,,03:08:16,,,,,https://chzzk.naver.com/video/6973545,,,,,,,,,
False,기상 20시간경과,20250425,20250425,,01:52:49,,,,,https://chzzk.naver.com/video/6957701,,,,,,,,,
False,기상 20시간경과,20250425,20250425,,00:32:41,,,,,https://chzzk.naver.com/video/6958158,,,,,,,,,
False,블루라벨 처먹고 자기,20250422,20250422,,01:35:21,,,,,https://chzzk.naver.com/video/6914809,,,,,,,,,
False,원고하는거 관찰하기,20250422,20250422,,02:11:42,,,,,https://chzzk.naver.com/video/6912646,,,,,,,,,
False,그림재활훈련,20250420,20250420,,04:05:15,,,,,https://chzzk.naver.com/video/6882784,,,,,,,,,
False,나벨레이드 매칭->일반->하드 해보기,20250419,20250419,,02:56:56,,,,,https://chzzk.naver.com/video/6862843,,,,,,,,,
False,냅다 캐치마인드하기,20250419,20250419,,03:29:59,,,,,https://chzzk.naver.com/video/6866036,,,,,,,,,
False,무언가 한잔떙기는날이구나.,20250414,20250414,,02:36:08,,,,,https://chzzk.naver.com/video/6778355,,,,,,,,,
False,심야원고,20250413,20250413,,06:15:48,,,,,https://chzzk.naver.com/video/6766274,,,,,,,,,
False,웹툰작가모드,20250412,20250412,,06:29:54,,,,,https://chzzk.naver.com/video/6747736,,,,,,,,,
False,[광고] 8시 하나코나나님과 스타레일그림그리기,20250409,20250409,,03:32:34,,,,,https://chzzk.naver.com/video/6710230,,,,,,,,,
False,집에서 굴러다니는 책 읽기,20250407,20250407,,03:51:52,,,,,https://chzzk.naver.com/video/6666393,,,,,,,,,
False,만화그리면서 노가리,20250405,20250405,,04:47:20,,,,,https://chzzk.naver.com/video/6633770,,,,,,,,,
False,34살 남캠,20250405,20250405,,02:58:24,,,,,https://chzzk.naver.com/video/6648466,,,,,,,,,
False,광고] 왕의 명령으로 던파유저그려주기,20250331,20250331,,04:14:58,,,,,https://chzzk.naver.com/video/6554494,,,,,,,,,
False,토요일그림방,20250330,20250330,,03:57:06,,,,,https://chzzk.naver.com/video/6538232,,,,,,,,,
False,카잔 이어서 하기,20250329,20250329,,04:23:04,,,,,https://chzzk.naver.com/video/6530599,,,,,,,,,
False,네오플개발력 다 빨아간 게임,20250329,20250329,,10:06:54,,,,,https://chzzk.naver.com/video/6522626,,,,,,,,,
False,광고] 명조 신캐 맛보기,20250327,20250327,,03:04:34,,,,,https://chzzk.naver.com/video/6499078,,,,,,,,,
False,던파공식만화그리기,20250326,20250326,,05:48:16,,,,,https://chzzk.naver.com/video/6469284,,,,,,,,,
False,피방 점유율 7퍼게임에 전전전전... 소패왕 결장,20250323,20250323,,05:22:54,,,,,https://chzzk.naver.com/video/6423224,,,,,,,,,
False,그림방송. 하지만 나 이승권. 투표를 받지않겠다,20250323,20250323,,04:47:47,,,,,https://chzzk.naver.com/video/6436213,,,,,,,,,
False,피곤해뒈질거같은 남자,20250321,20250321,,03:09:24,,,,,https://chzzk.naver.com/video/6399080,,,,,,,,,
False,일요일그림방송,20250317,20250317,,04:48:28,,,,,https://chzzk.naver.com/video/6326773,,,,,,,,,
False,오늘 그림 파업,20250316,20250316,,06:06:31,,,,,https://chzzk.naver.com/video/6312409,,,,,,,,,
False,토요일 그림방송,20250315,20250315,,00:23:16,,,,,https://chzzk.naver.com/video/6304277,,,,,,,,,
False,토요일 그림방송,20250315,20250315,,00:34:46,,,,,https://chzzk.naver.com/video/6303679,,,,,,,,,
False,던파공식만화그리기,20250314,20250314,,06:45:52,,,,,https://chzzk.naver.com/video/6279536,,,,,,,,,
False,목요일 목요일은 던파다,20250314,20250314,,04:25:29,,,,,https://chzzk.naver.com/video/6272261,,,,,,,,,
False,만화그리기,20250312,20250312,,00:47:22,,,,,https://chzzk.naver.com/video/6252895,,,,,,,,,
False,일요일 그림방송,20250310,20250310,,04:42:38,,,,,https://chzzk.naver.com/video/6212646,,,,,,,,,
False,토요일그림방송,20250308,20250308,,04:16:15,,,,,https://chzzk.naver.com/video/6193775,,,,,,,,,
False,베누스가실분,20250306,20250306,,04:25:52,,,,,https://chzzk.naver.com/video/6153301,,,,,,,,,
False,졸리다. 하지만 그림그린다,20250302,20250302,,04:56:24,,,,,https://chzzk.naver.com/video/6094855,,,,,,,,,
False,몬헌? 몬헌? 몬헌?,20250301,20250301,,08:38:43,,,,,https://chzzk.naver.com/video/6075981,,,,,,,,,
False,몬헌 개고수 입장,20250228,20250228,,07:09:48,,,,,https://chzzk.naver.com/video/6053869,,,,,,,,,
False,짧방] 야식먹고 자기 [엽떡],20250228,20250228,,00:32:17,,,,,https://chzzk.naver.com/video/6041449,,,,,,,,,
False,미용실에 갔다온 남자,20250227,20250227,,02:42:57,,,,,https://chzzk.naver.com/video/6038386,,,,,,,,,
False,목요일 목요일은 던파다,20250227,20250227,,06:42:45,,,,,https://chzzk.naver.com/video/6033098,,,,,,,,,
False,던파공식만화그리기,20250226,20250226,,05:43:14,,,,,https://chzzk.naver.com/video/6022261,,,,,,,,,
False,던파공식만화그리기,20250226,20250226,,06:56:19,,,,,https://chzzk.naver.com/video/6006347,,,,,,,,,
False,일요일그림방송,20250224,20250224,,03:59:05,,,,,https://chzzk.naver.com/video/5975519,,,,,,,,,
False,원고작업과 영도데이,20250222,20250222,,08:09:41,,,,,https://chzzk.naver.com/video/5952072,,,,,,,,,
False,던전앤파이터 만화그리기,20250221,20250221,,04:17:14,,,,,https://chzzk.naver.com/video/5933193,,,,,,,,,
False,베누스 벗기기,20250220,20250220,,06:30:55,,,,,https://chzzk.naver.com/video/5914801,,,,,,,,,
False,심야그림방송 ,20250217,20250217,,03:29:44,,,,,https://chzzk.naver.com/video/5861023,,,,,,,,,
False,"낙서와 소통방송(w환댕,단투 )",20250215,20250215,,02:49:26,,,,,https://chzzk.naver.com/video/5839187,,,,,,,,,
False,[베누스 특집] 정준도 성캐랑 중천,20250212,20250212,,01:39:28,,,,,https://chzzk.naver.com/video/5783801,,,,,,,,,
False,그림을 그릴 기운이 없다,20250209,20250209,,09:34:30,,,,,https://chzzk.naver.com/video/5728129,,,,,,,,,
False,똥겜의 날,20250209,20250209,,03:59:23,,,,,https://chzzk.naver.com/video/5739076,,,,,,,,,
False,8시 엠버서더 베누스 강림 스피드런 출격,20250207,20250207,,07:57:40,,,,,https://chzzk.naver.com/video/5690996,,,,,,,,,
False,벌-떡 (점검끝나서 자다가 인나는 소리),20250206,20250206,,06:01:07,,,,,https://chzzk.naver.com/video/5678904,,,,,,,,,
False,그림그리는 남자,20250202,20250202,,00:47:48,,,,,https://chzzk.naver.com/video/5615898,,,,,,,,,
False,사람들 원하는 그림을 그리는 방송,20250202,20250202,,07:00:36,,,,,https://chzzk.naver.com/video/5606127,,,,,,,,,
False,그르르르르르륵.... 더어어언...파아아..,20250201,20250201,,02:02:12,,,,,https://chzzk.naver.com/video/5595574,,,,,,,,,
False,낙서와 영도데이♡,20250201,20250201,,10:11:25,,,,,https://chzzk.naver.com/video/5585130,,,,,,,,,
False,그르르륵... 더언...파아아.... ,20250131,20250131,,01:45:09,,,,,https://chzzk.naver.com/video/5575724,,,,,,,,,
False,목요일은 목요일은 던파다,20250130,20250130,,04:47:15,,,,,https://chzzk.naver.com/video/5560341,,,,,,,,,
False,무려 네이버웹툰작가 루즌아씨 초대석,20250126,20250126,,02:54:41,,,,,https://chzzk.naver.com/video/5507963,,,,,,,,,
False,마비유저한테 던파 퍼먹이기,20250126,20250126,,05:39:32,,,,,https://chzzk.naver.com/video/5494438,,,,,,,,,
False,목요일 목요일은 던파다,20250123,20250123,,03:54:43,,,,,https://chzzk.naver.com/video/5450296,,,,,,,,,
False,낙서와 영도데이♡,20250120,20250120,,03:49:43,,,,,https://chzzk.naver.com/video/5407913,,,,,,,,,
False,낙서방송,20250119,20250119,,02:28:08,,,,,https://chzzk.naver.com/video/5384762,,,,,,,,,
False,강남던파팝업,20250119,20250119,,00:36:59,,,,,https://chzzk.naver.com/video/5387303,,,,,,,,,
False,그림그림,20250118,20250118,,02:57:04,,,,,https://chzzk.naver.com/video/5372516,,,,,,,,,
False,끼요오오옷,20250118,20250118,,03:25:56,,,,,https://chzzk.naver.com/video/5368269,,,,,,,,,
False,그르르르륵...더..더어언파아...,20250116,20250116,,03:08:28,,,,,https://chzzk.naver.com/video/5336307,,,,,,,,,
False,밤11시에 기상한 남자,20250113,20250113,,05:11:19,,,,,https://chzzk.naver.com/video/5280437,,,,,,,,,
False,렐레레데리,20250111,20250111,,04:36:27,,,,,https://chzzk.naver.com/video/5244176,,,,,,,,,
False,우당탕탕 낙서방송,20250111,20250111,,03:25:08,,,,,https://chzzk.naver.com/video/5255550,,,,,,,,,
False,모닝레데리,20250111,20250111,,02:46:50,,,,,https://chzzk.naver.com/video/5249851,,,,,,,,,
False,일찍일어나는 새가 어쩌고 저쩌고,20250111,20250111,,02:32:42,,,,,https://chzzk.naver.com/video/5248848,,,,,,,,,
False,비명을 질러라,20250109,20250109,,04:39:34,,,,,https://chzzk.naver.com/video/5218449,,,,,,,,,
False,레데리 처음 하는 뇌 ,20250106,20250106,,02:56:50,,,,,https://chzzk.naver.com/video/5164339,,,,,,,,,
False,광고] 무려 원신 그림그리기,20250105,20250105,,03:13:52,,,,,https://chzzk.naver.com/video/5159934,,,,,,,,,
False,7시 그림방송. 그전까진 낙서,20250104,20250104,,03:21:50,,,,,https://chzzk.naver.com/video/5142431,,,,,,,,,
False,레데리 처음하는 뇌,20250104,20250104,,02:35:41,,,,,https://chzzk.naver.com/video/5129993,,,,,,,,,
False,7시 그림방송. 그전까진 낙서,20250104,20250104,,02:48:19,,,,,https://chzzk.naver.com/video/5139145,,,,,,,,,
False,이승권게임,20250103,20250103,,02:19:13,,,,,https://chzzk.naver.com/video/5125119,,,,,,,,,
False,2025년 운세확인하기,20250101,20250101,,01:48:12,,,,,https://chzzk.naver.com/video/5092199,,,,,,,,,
False,레데리처음해보는 뇌,20241231,20241231,,05:18:48,,,,,https://chzzk.naver.com/video/5062661,,,,,,,,,
False,띵가띵가,20241230,20241230,,02:45:27,,,,,https://chzzk.naver.com/video/5047746,,,,,,,,,
False,주말그림방송 ,20241229,20241229,,06:12:41,,,,,https://chzzk.naver.com/video/5033992,,,,,,,,,
False,오겜2 읭읭이로 요약하기(스포주의),20241228,20241228,,03:08:26,,,,,https://chzzk.naver.com/video/5014685,,,,,,,,,
False,퍼섭즐기다가 그림방송하기,20241227,20241227,,01:04:33,,,,,https://chzzk.naver.com/video/5010965,,,,,,,,,
False,우오오오옷 뭐냐 이 짐승새1끼들은!!!! [크리스마스기념미연시],20241226,20241226,,05:38:24,,,,,https://chzzk.naver.com/video/4987373,,,,,,,,,
False,크리스마스와 레바,20241225,20241225,,03:27:54,,,,,https://chzzk.naver.com/video/4972929,,,,,,,,,
False,눕,20241224,20241224,,01:11:10,,,,,https://chzzk.naver.com/video/4963572,,,,,,,,,
False,뭐든 그리는 그림방송,20241221,20241221,,03:05:36,,,,,https://chzzk.naver.com/video/4904966,,,,,,,,,
False,버튜버도 살자,20241220,20241220,,00:01:45,,,,,https://chzzk.naver.com/video/4899960,,,,,,,,,
False,룰루랄라 낙서방송 ,20241220,20241220,,04:17:43,,,,,https://chzzk.naver.com/video/4888955,,,,,,,,,
False,버튜버도 살자,20241220,20241220,,00:08:35,,,,,https://chzzk.naver.com/video/4900234,,,,,,,,,
False,버튜버도 살자,20241220,20241220,,00:08:34,,,,,https://chzzk.naver.com/video/4900092,,,,,,,,,
False,버튜버도 살자,20241220,20241220,,00:18:50,,,,,https://chzzk.naver.com/video/4899923,,,,,,,,,
False,품격 넘치는 미야비 그림방송,20241218,20241218,,05:58:12,,,,,https://chzzk.naver.com/video/4872162,,,,,,,,,
False,끼얏호우,20241215,20241215,,01:22:49,,,,,https://chzzk.naver.com/video/4823995,,,,,,,,,
False,끼에ㅔ에ㅔㄱ,20241215,20241215,,00:15:17,,,,,https://chzzk.naver.com/video/4821945,,,,,,,,,
False,할로할로,20241214,20241214,,04:10:26,,,,,https://chzzk.naver.com/video/4810982,,,,,,,,,
False,[광고] 8시 소녀전선2:망명,20241209,20241209,,04:55:32,,,,,https://chzzk.naver.com/video/4721809,,,,,,,,,
False,[광고] 8시 소녀전선2,20241208,20241208,,00:00:35,,,,,https://chzzk.naver.com/video/4716146,,,,,,,,,
False,할로우맨,20241207,20241207,,04:29:16,,,,,https://chzzk.naver.com/video/4691483,,,,,,,,,
False,[토요일그림방송]투표의 중요성 배우기,20241207,20241207,,04:16:06,,,,,https://chzzk.naver.com/video/4704202,,,,,,,,,
False,새벽 연장근무하기,20241201,20241201,,02:45:23,,,,,https://chzzk.naver.com/video/4600501,,,,,,,,,
False,끼에ㅔ에ㅔㄱ,20241201,20241201,,00:59:44,,,,,https://chzzk.naver.com/video/4607855,,,,,,,,,
False,우햐햐햐햐햐,20241201,20241201,,02:56:23,,,,,https://chzzk.naver.com/video/4612547,,,,,,,,,
False,토요일그림방송,20241130,20241130,,04:14:14,,,,,https://chzzk.naver.com/video/4595910,,,,,,,,,
False,헬로헬로,20241130,20241130,,06:18:33,,,,,https://chzzk.naver.com/video/4581701,,,,,,,,,
False,이건 저스트채팅이라는 컨텐츠다,20241124,20241124,,02:30:09,,,,,https://chzzk.naver.com/video/4503413,,,,,,,,,
False,뻗기전에 짧방,20241123,20241123,,00:31:16,,,,,https://chzzk.naver.com/video/4486908,,,,,,,,,
False,던파엠버서더와 던파페스티벌보기,20241122,20241122,,00:37:42,,,,,https://chzzk.naver.com/video/4469383,,,,,,,,,
False,던파엠버서더와 던파페스티벌보기,20241122,20241122,,02:54:57,,,,,https://chzzk.naver.com/video/4473808,,,,,,,,,
False,나 이승권. 2주치일을 2일안에 끝내보겠어,20241117,20241117,,05:17:43,,,,,https://chzzk.naver.com/video/4398599,,,,,,,,,
False,나 이승권. 2주치일을 2일안에 끝내보겠어,20241116,20241116,,08:11:45,,,,,https://chzzk.naver.com/video/4382550,,,,,,,,,
False,공식만화 최종화 콘티 컨펌됐따리[원고하기],20241115,20241115,,06:54:43,,,,,https://chzzk.naver.com/video/4366868,,,,,,,,,
False,일요일의 그림방송,20241111,20241111,,03:03:00,,,,,https://chzzk.naver.com/video/4295655,,,,,,,,,
False,모두가 참여가능한 그림방송!,20241110,20241110,,05:09:04,,,,,https://chzzk.naver.com/video/4281302,,,,,,,,,
False,오늘은 무얼할까?,20241109,20241109,,00:02:19,,,,,https://chzzk.naver.com/video/4264791,,,,,,,,,
False,오늘은 무얼할까?,20241109,20241109,,04:13:45,,,,,https://chzzk.naver.com/video/4264717,,,,,,,,,
False,만화가모드,20241107,20241107,,03:10:24,,,,,https://chzzk.naver.com/video/4245311,,,,,,,,,
False,일요일그림방송,20241103,20241103,,03:46:59,,,,,https://chzzk.naver.com/video/4190900,,,,,,,,,
False,새벽낙서방송,20241103,20241103,,02:46:05,,,,,https://chzzk.naver.com/video/4179958,,,,,,,,,
False,토요일그림방송,20241102,20241102,,03:40:15,,,,,https://chzzk.naver.com/video/4176243,,,,,,,,,
False,만화가모드,20241102,20241102,,07:09:14,,,,,https://chzzk.naver.com/video/4164577,,,,,,,,,
False,일요일그림방송,20241027,20241027,,03:25:45,,,,,https://chzzk.naver.com/video/4089129,,,,,,,,,
False,만화가모드 [던파공식만화그리기],20241027,20241027,,03:22:47,,,,,https://chzzk.naver.com/video/4077696,,,,,,,,,
False,토요일 그림방송,20241026,20241026,,03:22:54,,,,,https://chzzk.naver.com/video/4073040,,,,,,,,,
False,사힐 엔딩까지+카페탐방,20241026,20241026,,04:54:07,,,,,https://chzzk.naver.com/video/4060998,,,,,,,,,
False,노가리와 식사,20241025,20241025,,00:53:30,,,,,https://chzzk.naver.com/video/4044439,,,,,,,,,
False,던파 여격투가리뉴얼기념 룩대회 심사,20241024,20241024,,03:22:24,,,,,https://chzzk.naver.com/video/4042764,,,,,,,,,
False,노가리와 낙서,20241020,20241020,,01:41:05,,,,,https://chzzk.naver.com/video/3987788,,,,,,,,,
False,레바 만화가모드,20241020,20241020,,05:55:09,,,,,https://chzzk.naver.com/video/3974334,,,,,,,,,
False,[광고] 모든그림엔 가치가있다 - 숄더픽,20241020,20241020,,01:44:23,,,,,https://chzzk.naver.com/video/3985535,,,,,,,,,
False,든파엠버서더랑 던파방송보기,20241019,20241019,,00:52:45,,,,,https://chzzk.naver.com/video/3968301,,,,,,,,,
False,끼야아아악! ,20241013,20241013,,06:29:19,,,,,https://chzzk.naver.com/video/3885266,,,,,,,,,
False,끼야아아악! ,20241013,20241013,,05:10:38,,,,,https://chzzk.naver.com/video/3870955,,,,,,,,,
False,원고하기 / 8시 사일런트힐2,20241012,20241012,,05:52:31,,,,,https://chzzk.naver.com/video/3863857,,,,,,,,,
False,든파만화 런칭까지 1주..! ,20241012,20241012,,05:17:08,,,,,https://chzzk.naver.com/video/3854504,,,,,,,,,
False,든파만화 런칭까지 2주..! ,20241009,20241009,,04:35:59,,,,,https://chzzk.naver.com/video/3819809,,,,,,,,,
False,작업방송,20241007,20241007,,07:26:53,,,,,https://chzzk.naver.com/video/3792585,,,,,,,,,
False,일요일 그림방송,20241006,20241006,,03:42:45,,,,,https://chzzk.naver.com/video/3777018,,,,,,,,,
False,－원고방송－  ６시 그림방송,20241006,20241006,,05:30:32,,,,,https://chzzk.naver.com/video/3773826,,,,,,,,,
False,토요일 그림방송,20241005,20241005,,02:51:10,,,,,https://chzzk.naver.com/video/3761532,,,,,,,,,
False,할로할로,20241004,20241004,,04:07:42,,,,,https://chzzk.naver.com/video/3747911,,,,,,,,,
False,비상근무체제 [든파공식스토리만화그리기],20240929,20240929,,05:02:13,,,,,https://chzzk.naver.com/video/3668074,,,,,,,,,
False,토요일 그림방송,20240928,20240928,,02:56:10,,,,,https://chzzk.naver.com/video/3657030,,,,,,,,,
False,금요일 그림방송,20240927,20240927,,04:04:34,,,,,https://chzzk.naver.com/video/3640038,,,,,,,,,
False,이런 추운 시국일수록 같은편하면 좋지않습니까,20240925,20240925,,04:11:46,,,,,https://chzzk.naver.com/video/3598659,,,,,,,,,
False,던파공식스토리만화 그리기 2회차,20240925,20240925,,02:07:35,,,,,https://chzzk.naver.com/video/3608947,,,,,,,,,
False,던파공식스토리만화 그리기,20240925,20240925,,02:37:18,,,,,https://chzzk.naver.com/video/3601963,,,,,,,,,
False,던파공식스토리만화 그리기,20240925,20240925,,05:33:44,,,,,https://chzzk.naver.com/video/3605466,,,,,,,,,
False,따흐흑 밤낮이 곱창났어!,20240922,20240922,,07:18:35,,,,,https://chzzk.naver.com/video/3560103,,,,,,,,,
False,정치인 이승권,20240919,20240919,,06:48:05,,,,,https://chzzk.naver.com/video/3512467,,,,,,,,,
False,초 최신게임 프로스트펑크2,20240918,20240918,,05:39:22,,,,,https://chzzk.naver.com/video/3499027,,,,,,,,,
False,생존신고,20240918,20240918,,02:04:43,,,,,https://chzzk.naver.com/video/3495258,,,,,,,,,
False,던파공식스토리만화그리기 ,20240913,20240913,,04:26:15,,,,,https://chzzk.naver.com/video/3424992,,,,,,,,,
False,강남갔다온 레바 (간담회얘긴 엠바고땜에 말못함),20240910,20240910,,01:09:27,,,,,https://chzzk.naver.com/video/3380636,,,,,,,,,
False,고기다고기,20240909,20240909,,00:17:15,,,,,https://chzzk.naver.com/video/3365883,,,,,,,,,
False,고기다고기,20240909,20240909,,00:36:42,,,,,https://chzzk.naver.com/video/3365461,,,,,,,,,
False,고기다고기,20240909,20240909,,00:28:31,,,,,https://chzzk.naver.com/video/3366540,,,,,,,,,
False,우당탕탕 코프룰루,20240909,20240909,,01:58:43,,,,,https://chzzk.naver.com/video/3369906,,,,,,,,,
False,생존신고,20240908,20240908,,04:23:56,,,,,https://chzzk.naver.com/video/3351965,,,,,,,,,
False,고기다고기,20240908,20240908,,00:05:57,,,,,https://chzzk.naver.com/video/3364631,,,,,,,,,
False,치킨과 맥주 (예정),20240906,20240906,,03:52:33,,,,,https://chzzk.naver.com/video/3323530,,,,,,,,,
False,이게 끝민ㅅ술말맜냐?,20240906,20240906,,00:03:20,,,,,https://chzzk.naver.com/video/3323619,,,,,,,,,
False,붜할지토론하기,20240905,20240905,,00:40:22,,,,,https://chzzk.naver.com/video/3318335,,,,,,,,,
False,원고와 노가리,20240905,20240905,,04:07:14,,,,,https://chzzk.naver.com/video/3307833,,,,,,,,,
False,새벽3시에 스타2캠페인을 하는 사람이 세상에 어딨어,20240905,20240905,,04:30:43,,,,,https://chzzk.naver.com/video/3309654,,,,,,,,,
False,원고와 노가리,20240904,20240904,,00:01:33,,,,,https://chzzk.naver.com/video/3302140,,,,,,,,,
False,본업하기,20240904,20240904,,05:16:08,,,,,https://chzzk.naver.com/video/3294369,,,,,,,,,
False,승냥이같은것들이 어딜 감히 날 능멸해 방송은 여기까지다,20240902,20240902,,05:01:20,,,,,https://chzzk.naver.com/video/3258740,,,,,,,,,
False,스타 설정에 미친남자,20240901,20240901,,04:57:00,,,,,https://chzzk.naver.com/video/3247608,,,,,,,,,
False,용궁사람한테 인간의힘보여주기 [8시 칸나님 그림합방],20240831,20240831,,03:04:25,,,,,https://chzzk.naver.com/video/3227334,,,,,,,,,
False,뭐할지토론하기,20240831,20240831,,00:34:54,,,,,https://chzzk.naver.com/video/3241491,,,,,,,,,
False,끼요오옷 ,20240831,20240831,,02:05:14,,,,,https://chzzk.naver.com/video/3231480,,,,,,,,,
False,눕방,20240829,20240829,,01:54:11,,,,,https://chzzk.naver.com/video/3199540,,,,,,,,,
False,[가이드라인 임계점조사],20240826,20240826,,05:22:54,,,,,https://chzzk.naver.com/video/3159492,,,,,,,,,
False,눕방,20240825,20240825,,01:36:07,,,,,https://chzzk.naver.com/video/3143796,,,,,,,,,
False,눕방,20240825,20240825,,00:30:14,,,,,https://chzzk.naver.com/video/3152736,,,,,,,,,
False,토요일밤 이승권씨,20240825,20240825,,02:32:19,,,,,https://chzzk.naver.com/video/3141715,,,,,,,,,
False,[던파DDC 같이보기] 우릴 구원하려는것인가. 파괴하려는것인가.,20240824,20240824,,01:27:37,,,,,https://chzzk.naver.com/video/3136504,,,,,,,,,
False,｢순수의문｣그림방송  19금걸면 어디까지 될까?,20240824,20240824,,02:45:05,,,,,https://chzzk.naver.com/video/3122561,,,,,,,,,
False,눕방,20240823,20240823,,01:16:35,,,,,https://chzzk.naver.com/video/3112730,,,,,,,,,
False,금요일방송－,20240823,20240823,,00:35:22,,,,,https://chzzk.naver.com/video/3118676,,,,,,,,,
False,우당탕탕 그림교실 (구)꽈뚜룹-장지수씨,20240823,20240823,,02:07:26,,,,,https://chzzk.naver.com/video/3118095,,,,,,,,,
False,눕방,20240822,20240822,,02:36:14,,,,,https://chzzk.naver.com/video/3095153,,,,,,,,,
False,눕방,20240821,20240821,,00:53:42,,,,,https://chzzk.naver.com/video/3091402,,,,,,,,,
False,눕방,20240820,20240820,,01:43:08,,,,,https://chzzk.naver.com/video/3070226,,,,,,,,,
False,술같이 생긴 물 먹기,20240819,20240819,,01:48:30,,,,,https://chzzk.naver.com/video/3052186,,,,,,,,,
False,술처먹기,20240818,20240818,,00:16:26,,,,,https://chzzk.naver.com/video/3048559,,,,,,,,,
False,술같이 생긴 물 먹기,20240818,20240818,,00:39:23,,,,,https://chzzk.naver.com/video/3049484,,,,,,,,,
False,죄송하지만 그림신청안받아도될까요?,20240818,20240818,,03:07:08,,,,,https://chzzk.naver.com/video/3034993,,,,,,,,,
False,술처먹기,20240818,20240818,,00:14:34,,,,,https://chzzk.naver.com/video/3048756,,,,,,,,,
False,흥 승권이는 오늘 그림그리기 귀찮아,20240817,20240817,,03:40:48,,,,,https://chzzk.naver.com/video/3019199,,,,,,,,,
False,크하하핫 새벽 낙서방송이다!,20240817,20240817,,03:01:51,,,,,https://chzzk.naver.com/video/3024834,,,,,,,,,
False,기습뱅,20240816,20240816,,01:51:51,,,,,https://chzzk.naver.com/video/3010504,,,,,,,,,
False,갸아아아아아악!!!,20240812,20240812,,02:30:23,,,,,https://chzzk.naver.com/video/2944125,,,,,,,,,
False,스타1vs스타2 맛보기,20240812,20240812,,01:16:06,,,,,https://chzzk.naver.com/video/2948221,,,,,,,,,
False,19금설정 채팅창테스트 ,20240811,20240811,,00:04:15,,,,,https://chzzk.naver.com/video/2941308,,,,,,,,,
False,토요일 그림방송,20240810,20240810,,01:33:56,,,,,https://chzzk.naver.com/video/2927404,,,,,,,,,
False,본업하는날,20240810,20240810,,05:46:00,,,,,https://chzzk.naver.com/video/2913707,,,,,,,,,
False,일 더 하다가 자기 ,20240810,20240810,,02:29:17,,,,,https://chzzk.naver.com/video/2919443,,,,,,,,,
False,토요일 그림방송,20240810,20240810,,00:26:40,,,,,https://chzzk.naver.com/video/2927965,,,,,,,,,
False,일요일 그림방송,20240805,20240805,,03:03:29,,,,,https://chzzk.naver.com/video/2841486,,,,,,,,,
False,금요일레바,20240803,20240803,,02:38:33,,,,,https://chzzk.naver.com/video/2807081,,,,,,,,,
False,밤산책,20240729,20240729,,01:00:53,,,,,https://chzzk.naver.com/video/2735637,,,,,,,,,
False,밤산책,20240729,20240729,,00:24:39,,,,,https://chzzk.naver.com/video/2736058,,,,,,,,,
False,아라드의 정상화,20240728,20240728,,04:01:55,,,,,https://chzzk.naver.com/video/2730615,,,,,,,,,
False,그림방송 리방,20240727,20240727,,01:22:30,,,,,https://chzzk.naver.com/video/2714446,,,,,,,,,
False,토요일 그림방송,20240727,20240727,,01:42:34,,,,,https://chzzk.naver.com/video/2713160,,,,,,,,,
False,내가 돌아왔다,20240727,20240727,,01:43:36,,,,,https://chzzk.naver.com/video/2717125,,,,,,,,,
False,오늘은 금요일금요일,20240726,20240726,,03:18:25,,,,,https://chzzk.naver.com/video/2699579,,,,,,,,,
False,기습 원고뱅,20240726,20240726,,02:41:15,,,,,https://chzzk.naver.com/video/2688597,,,,,,,,,
False,대환장 그림방송 [허니츄러스/유콘님],20240720,20240720,,02:02:25,,,,,https://chzzk.naver.com/video/2606821,,,,,,,,,
False,대환장 그림방송 [허니츄러스/유콘님],20240720,20240720,,00:02:28,,,,,https://chzzk.naver.com/video/2605345,,,,,,,,,
False,밥먹는 남자,20240720,20240720,,01:32:10,,,,,https://chzzk.naver.com/video/2608537,,,,,,,,,
False,채팅창오류로인한 테스트방송[오지마셈],20240720,20240720,,00:02:00,,,,,https://chzzk.naver.com/video/2604620,,,,,,,,,
False,우리던파 정상영업합니다,20240718,20240718,,09:47:52,,,,,https://chzzk.naver.com/video/2575239,,,,,,,,,
False,개끈금 영종도 탐방,20240714,20240714,,00:50:35,,,,,https://chzzk.naver.com/video/2512260,,,,,,,,,
False,개끈금 영종도 탐방,20240714,20240714,,00:17:52,,,,,https://chzzk.naver.com/video/2511742,,,,,,,,,
False,개끈금 영종도 탐방,20240714,20240714,,00:02:18,,,,,https://chzzk.naver.com/video/2511773,,,,,,,,,
False,던파 엠버서더 경제무력시위,20240713,20240713,,00:02:04,,,,,https://chzzk.naver.com/video/2496935,,,,,,,,,
False,주말레바,20240713,20240713,,02:00:49,,,,,https://chzzk.naver.com/video/2500648,,,,,,,,,
False,던파 엠버서더 경제무력시위,20240713,20240713,,01:40:24,,,,,https://chzzk.naver.com/video/2496720,,,,,,,,,
False,던파 엠버서더 경제무력시위,20240713,20240713,,00:13:41,,,,,https://chzzk.naver.com/video/2496876,,,,,,,,,
False,주말레바,20240713,20240713,,00:17:53,,,,,https://chzzk.naver.com/video/2501499,,,,,,,,,
False,주말레바,20240713,20240713,,00:11:55,,,,,https://chzzk.naver.com/video/2500851,,,,,,,,,
False,주말레바,20240713,20240713,,00:01:10,,,,,https://chzzk.naver.com/video/2501090,,,,,,,,,
False,본업하는남자,20240712,20240712,,03:57:34,,,,,https://chzzk.naver.com/video/2483606,,,,,,,,,
False,젠레스 존 제로 가챠 / 드로잉,20240707,20240707,,03:23:38,,,,,https://chzzk.naver.com/video/2409854,,,,,,,,,
False,던파플레이마켓 드로잉쇼끝- 짧방 ,20240706,20240706,,00:20:20,,,,,https://chzzk.naver.com/video/2390387,,,,,,,,,
False,"이 앞, 레바있다",20240630,20240630,,02:56:52,,,,,https://chzzk.naver.com/video/2298080,,,,,,,,,
False,그림새싹키우기 [허니츄러스님],20240630,20240630,,01:52:37,,,,,https://chzzk.naver.com/video/2294724,,,,,,,,,
False,그림새싹키우기 [허니츄러스님],20240630,20240630,,00:06:25,,,,,https://chzzk.naver.com/video/2293831,,,,,,,,,
False,주간그림방송,20240629,20240629,,02:28:42,,,,,https://chzzk.naver.com/video/2281949,,,,,,,,,
False,고해성사 [레바고민상담소],20240628,20240628,,02:10:19,,,,,https://chzzk.naver.com/video/2267796,,,,,,,,,
False,파라디섬 첫 외부조사(악놀찍먹),20240627,20240627,,03:38:29,,,,,https://chzzk.naver.com/video/2251998,,,,,,,,,
False,무려무려 엘든링 DLC,20240627,20240627,,03:31:35,,,,,https://chzzk.naver.com/video/2240165,,,,,,,,,
False,주간낙서방송,20240626,20240626,,00:06:54,,,,,https://chzzk.naver.com/video/2235190,,,,,,,,,
False,일하는 20대같은 30대 마성의남자,20240625,20240625,,00:42:50,,,,,https://chzzk.naver.com/video/2210618,,,,,,,,,
False,밥과 토크,20240624,20240624,,04:10:25,,,,,https://chzzk.naver.com/video/2204106,,,,,,,,,
False,금주방송없슴니다,20240619,20240619,,00:55:47,,,,,https://chzzk.naver.com/video/2127801,,,,,,,,,
False,본업하기,20240618,20240618,,01:59:36,,,,,https://chzzk.naver.com/video/2111044,,,,,,,,,
False,일요일노가리,20240617,20240617,,03:22:05,,,,,https://chzzk.naver.com/video/2085952,,,,,,,,,
False,무지성 그림만그리기,20240615,20240615,,03:21:00,,,,,https://chzzk.naver.com/video/2067012,,,,,,,,,
False,"내인생의 동반자, 친구, 그리고 원수",20240615,20240615,,01:09:40,,,,,https://chzzk.naver.com/video/2057620,,,,,,,,,
False,무지성 그림만그리기,20240615,20240615,,05:49:38,,,,,https://chzzk.naver.com/video/2061410,,,,,,,,,
False,오늘도 알찬하루였다 [노가리뱅],20240614,20240614,,02:42:54,,,,,https://chzzk.naver.com/video/2049870,,,,,,,,,
False,심심해서 킨 이승권씨,20240613,20240613,,02:27:07,,,,,https://chzzk.naver.com/video/2035121,,,,,,,,,
False,크흑.. 잠깐이라도..!,20240610,20240610,,02:32:44,,,,,https://chzzk.naver.com/video/1977531,,,,,,,,,
False,단투놈과 노가리,20240610,20240610,,01:43:38,,,,,https://chzzk.naver.com/video/1988161,,,,,,,,,
False,1부 일하면서 노가리,20240609,20240609,,02:55:29,,,,,https://chzzk.naver.com/video/1968070,,,,,,,,,
False,"소문의 그 게임, 명조",20240608,20240608,,01:54:43,,,,,https://chzzk.naver.com/video/1955153,,,,,,,,,
False,심야저챗,20240608,20240608,,01:40:13,,,,,https://chzzk.naver.com/video/1957271,,,,,,,,,
False,겜은 겜이고 일은 해야재,20240607,20240607,,00:51:16,,,,,https://chzzk.naver.com/video/1939078,,,,,,,,,
False,엠버서더와 함께보는 던파공방,20240607,20240607,,02:04:18,,,,,https://chzzk.naver.com/video/1936613,,,,,,,,,
False,음주 그림피드백 끝-> 노가리겸 낙서방송,20240603,20240603,,02:47:38,,,,,https://chzzk.naver.com/video/1862353,,,,,,,,,
False,괴생물체와 식사,20240601,20240601,,01:40:25,,,,,https://chzzk.naver.com/video/1844068,,,,,,,,,
False,6시 안개신 레이드 대기방,20240601,20240601,,06:26:02,,,,,https://chzzk.naver.com/video/1834151,,,,,,,,,
False,픽셀페인터,20240531,20240531,,02:13:19,,,,,https://chzzk.naver.com/video/1826974,,,,,,,,,
False,끼잉 낑 전 네오플의 노예에요★,20240530,20240530,,05:25:02,,,,,https://chzzk.naver.com/video/1797990,,,,,,,,,
False,일요일그림뱅,20240526,20240526,,03:23:13,,,,,https://chzzk.naver.com/video/1749128,,,,,,,,,
False,토요일 토요일은 던파다,20240526,20240526,,02:00:01,,,,,https://chzzk.naver.com/video/1733304,,,,,,,,,
False,오늘밤은 뭘하지,20240525,20240525,,03:14:21,,,,,https://chzzk.naver.com/video/1718340,,,,,,,,,
False,악몽과 공포의 픽셀페인터 ,20240525,20240525,,02:01:21,,,,,https://chzzk.naver.com/video/1730247,,,,,,,,,
False,여어 히사시부리,20240524,20240524,,04:59:18,,,,,https://chzzk.naver.com/video/1712842,,,,,,,,,
False,블루아카온리전 끝-  짧방,20240518,20240518,,00:28:44,,,,,https://chzzk.naver.com/video/1616688,,,,,,,,,
False,엘든링 dlc대비 재활운동[2],20240513,20240513,,05:17:07,,,,,https://chzzk.naver.com/video/1523911,,,,,,,,,
False,엘든링 dlc대비 재활운동,20240512,20240512,,06:49:33,,,,,https://chzzk.naver.com/video/1509025,,,,,,,,,
False,몬가몬가,20240511,20240511,,02:57:20,,,,,https://chzzk.naver.com/video/1500359,,,,,,,,,
False,으아악 잠이안와서 하루조졌다!,20240511,20240511,,02:38:00,,,,,https://chzzk.naver.com/video/1493477,,,,,,,,,
False,엘든링 dlc대비 재활운동,20240511,20240511,,00:06:33,,,,,https://chzzk.naver.com/video/1500527,,,,,,,,,
False,노가리와 낙서,20240510,20240510,,03:22:41,,,,,https://chzzk.naver.com/video/1485232,,,,,,,,,
False,회지하느라 못한 던파하기,20240505,20240505,,03:33:58,,,,,https://chzzk.naver.com/video/1393407,,,,,,,,,
False,저지먼트데이 (회지마감까지 0일),20240502,20240502,,03:40:13,,,,,https://chzzk.naver.com/video/1355275,,,,,,,,,
False,회지마감까지 D-1,20240502,20240502,,10:24:26,,,,,https://chzzk.naver.com/video/1349555,,,,,,,,,
False,이승권 만화가모드 ON,20240501,20240501,,05:13:40,,,,,https://chzzk.naver.com/video/1332054,,,,,,,,,
False,이승권 만화가모드 ON,20240430,20240430,,04:33:26,,,,,https://chzzk.naver.com/video/1315582,,,,,,,,,
False,무려 호요버스 신작,20240428,20240428,,05:37:58,,,,,https://chzzk.naver.com/video/1284360,,,,,,,,,
False,"이 앞, 그림방송있다",20240427,20240427,,02:47:10,,,,,https://chzzk.naver.com/video/1265826,,,,,,,,,
False,우리던파 풍성합니다 ,20240425,20240425,,04:32:23,,,,,https://chzzk.naver.com/video/1243899,,,,,,,,,
False,우리던파 풍성합니다 ,20240425,20240425,,00:34:30,,,,,https://chzzk.naver.com/video/1241124,,,,,,,,,
False,이어서하는 세키로,20240415,20240415,,07:04:49,,,,,https://chzzk.naver.com/video/1082702,,,,,,,,,
False,뇌가 리셋된 세키로,20240414,20240414,,03:46:26,,,,,https://chzzk.naver.com/video/1065784,,,,,,,,,
False,할건해야재,20240413,20240413,,02:45:46,,,,,https://chzzk.naver.com/video/1060768,,,,,,,,,
False,오늘이야말로 끝낸다 킷사마,20240408,20240408,,02:59:15,,,,,https://chzzk.naver.com/video/968752,,,,,,,,,
False,주말그림방송,20240407,20240407,,01:56:50,,,,,https://chzzk.naver.com/video/964643,,,,,,,,,
False,피의거짓부렁 엔딩보기,20240407,20240407,,05:22:49,,,,,https://chzzk.naver.com/video/953817,,,,,,,,,
False,게임좀하면어때서!,20240406,20240406,,09:49:18,,,,,https://chzzk.naver.com/video/938250,,,,,,,,,
False,7년전통의 레바그림방송,20240406,20240406,,02:32:00,,,,,https://chzzk.naver.com/video/947094,,,,,,,,,
False,피구라 이어하기,20240405,20240405,,08:18:43,,,,,https://chzzk.naver.com/video/919883,,,,,,,,,
False,비명을질러라 마침내 내가왔다,20240404,20240404,,02:01:03,,,,,https://chzzk.naver.com/video/909878,,,,,,,,,
False,블루아카 온리전만화그리기,20240331,20240331,,02:25:00,,,,,https://chzzk.naver.com/video/834767,,,,,,,,,
False,피의그짓부렁 처음하기,20240331,20240331,,03:36:16,,,,,https://chzzk.naver.com/video/848976,,,,,,,,,
False,던파로온 대기방,20240330,20240330,,03:05:56,,,,,https://chzzk.naver.com/video/828990,,,,,,,,,
False,기습방송-블루아카회지만들기,20240329,20240329,,03:48:36,,,,,https://chzzk.naver.com/video/802802,,,,,,,,,
False,레바 다과회,20240329,20240329,,02:55:24,,,,,https://chzzk.naver.com/video/814349,,,,,,,,,
False,목요일 목요일은 뭐다,20240328,20240328,,01:45:05,,,,,https://chzzk.naver.com/video/790104,,,,,,,,,
False,엠버서더랑 아스라한도실분,20240323,20240323,,00:48:52,,,,,https://chzzk.naver.com/video/711675,,,,,,,,,
False,주말노가리,20240323,20240323,,01:50:28,,,,,https://chzzk.naver.com/video/710717,,,,,,,,,
False,목요일 목요일은 던파다,20240321,20240321,,03:36:43,,,,,https://chzzk.naver.com/video/676109,,,,,,,,,
False,유명한 애니메이션 장면 맞추기,20240320,20240320,,02:17:33,,,,,https://chzzk.naver.com/video/662970,,,,,,,,,
False,백수가 되어버린 레바,20240320,20240320,,02:55:21,,,,,https://chzzk.naver.com/video/650283,,,,,,,,,
False,레바방송 다음주부터 정상영업합니다,20240317,20240317,,05:15:54,,,,,https://chzzk.naver.com/video/616996,,,,,,,,,
False,완결마감임박 웹툰작가,20240309,20240309,,07:54:06,,,,,https://chzzk.naver.com/video/468688,,,,,,,,,
False,완결마감임박 웹툰작가,20240303,20240303,,04:59:11,,,,,https://chzzk.naver.com/video/380378,,,,,,,,,
False,완결마감임박 웹툰작가,20240301,20240301,,03:58:56,,,,,https://chzzk.naver.com/video/338631,,,,,,,,,
False,둑둑섬 갈기고 원고하기,20240301,20240301,,02:12:39,,,,,https://chzzk.naver.com/video/336317,,,,,,,,,
False,퍼섭 헌터 만지작거리기[개짧방],20240228,20240228,,00:57:43,,,,,https://chzzk.naver.com/video/303577,,,,,,,,,
False,던파공식PC  디자인시안짜기,20240227,20240227,,01:34:25,,,,,https://chzzk.naver.com/video/287325,,,,,,,,,
False,엠버서더의 던파공방같이보기,20240226,20240226,,01:22:36,,,,,https://chzzk.naver.com/video/270141,,,,,,,,,
False,완결임박원고방송,20240224,20240224,,04:05:47,,,,,https://chzzk.naver.com/video/237135,,,,,,,,,
False,던파점검대기방 ,20240222,20240222,,09:03:07,,,,,https://chzzk.naver.com/video/208613,,,,,,,,,
False,웹툰원고방송,20240219,20240219,,01:41:16,,,,,https://chzzk.naver.com/video/164213,,,,,,,,,
False,웹툰원고방송,20240219,20240219,,01:55:04,,,,,https://chzzk.naver.com/video/161406,,,,,,,,,
False,레바스트리머그림교실 ,20240218,20240218,,02:57:57,,,,,https://chzzk.naver.com/video/152341,,,,,,,,,
False,주말원고맨,20240211,20240211,,02:39:24,,,,,https://chzzk.naver.com/video/114322,,,,,,,,,
False,주말그림방송맨,20240211,20240211,,02:07:43,,,,,https://chzzk.naver.com/video/112904,,,,,,,,,
False,블루아카온리전 구상해보기(확정아님),20240210,20240210,,01:41:37,,,,,https://chzzk.naver.com/video/112237,,,,,,,,,
False,기습원고,20240210,20240210,,05:02:37,,,,,https://chzzk.naver.com/video/110728,,,,,,,,,
False,씻고밥먹고하루일과하기,20240208,20240208,,03:35:26,,,,,https://chzzk.naver.com/video/102486,,,,,,,,,
False,던끼얏호우,20240201,20240201,,02:55:05,,,,,https://chzzk.naver.com/video/71000,,,,,,,,,
False,치지직 고화질 토요일그림방송,20240128,20240128,,03:28:51,,,,,https://chzzk.naver.com/video/58142,,,,,,,,,
False,[광고] 붕괴 특별방송  같이보기,20240127,20240127,,01:05:50,,,,,https://chzzk.naver.com/video/57440,,,,,,,,,
False,야호 마감끝났다!!!,20240127,20240127,,04:15:28,,,,,https://chzzk.naver.com/video/55817,,,,,,,,,
False,심야 원고와 노가리,20240125,20240125,,03:44:57,,,,,https://chzzk.naver.com/video/50936,,,,,,,,,
False,던파 마지막 골고라이언의밤[짧방],20240124,20240124,,01:22:24,,,,,https://chzzk.naver.com/video/49444,,,,,,,,,
False,던파엠버서더 공방중계 ,20240122,20240122,,01:21:41,,,,,https://chzzk.naver.com/video/43987,,,,,,,,,
False,원고와 노가리,20240121,20240121,,03:07:58,,,,,https://chzzk.naver.com/video/40458,,,,,,,,,
False,원고와 노가리,20240121,20240121,,00:15:02,,,,,https://chzzk.naver.com/video/39956,,,,,,,,,
False,새 타블렛 적응하기,20240121,20240121,,02:03:16,,,,,https://chzzk.naver.com/video/39748,,,,,,,,,
False,일요일 그림방송 ,20240121,20240121,,03:13:09,,,,,https://chzzk.naver.com/video/42123,,,,,,,,,
False,500만원짜리 타블렛까기,20240120,20240120,,01:21:40,,,,,https://chzzk.naver.com/video/39001,,,,,,,,,
False,새 타블렛 적응하기,20240120,20240120,,00:00:48,,,,,https://chzzk.naver.com/video/39300,,,,,,,,,
False,치지직 테스트방송,20240114,20240114,,00:53:38,,,,,https://chzzk.naver.com/video/24701,,,,,,,,,
False,낙서와 잡담 영도 / 대낮그림신청받기,20260518,20260518,16:29:30,,,,,,,,,,,그림/아트,18961058,,,
